turn,method,text
1,PSD-ON,The contradiction lies in withholding life-sustaining treatment from a permanently unconscious patient while adhering to the principle of 'do no harm' and preserving life at all costs. This raises ethical questions about the quality of life versus the sanctity of life. It forces caregivers to confront the painful reality of what constitutes harm in the context of prolonged suffering. The decision becomes a moral battleground where intentions collide with outcomes.
2,PSD-ON,"The contradiction lies in withholding life-sustaining treatment from a permanently unconscious patient while adhering to the principle of 'do no harm' and preserving life at all costs. This situation challenges the very essence of medical ethics, where the aim is often to heal rather than prolong suffering. It creates a dilemma for families and healthcare providers, who must navigate their own beliefs about life and death. The stakes are profoundly human, yet the choices remain stark and unyielding."
3,PSD-ON,The contradiction lies in withholding life-sustaining treatment from a permanently unconscious patient while adhering to the principle of 'do no harm' and preserving life at all costs. This tension exposes the fragility of ethical guidelines in healthcare when faced with real human suffering. It compels medical professionals and families to confront their deepest fears about mortality and the meaning of existence. Each decision made in this context carries weighty implications that echo through the lives of everyone involved.
4,PSD-ON,"The contradiction lies in withholding life-sustaining treatment from a permanently unconscious patient while adhering to the principle of 'do no harm' and preserving life at all costs. This dichotomy forces caregivers to weigh the act of prolonging life against the potential suffering that may ensue. It raises unsettling questions about agency, autonomy, and the role of medical intervention in defining a life worth living. Each choice becomes a reflection of societal values, challenging the very foundation of ethical healthcare practices."
5,PSD-ON,"The contradiction lies in withholding life-sustaining treatment from a permanently unconscious patient while adhering to the principle of 'do no harm' and preserving life at all costs. This conflict highlights the struggle between ethical obligations and the reality of human suffering in medical practice. It exposes the uncertainty surrounding what constitutes a meaningful life, complicating decisions made in the name of compassion. Ultimately, each choice reveals profound societal beliefs about the nature of existence and the value placed on life."
6,PSD-ON,"The contradiction lies in withholding life-sustaining treatment from a permanently unconscious patient while adhering to the principle of 'do no harm' and preserving life at all costs. 

1. **Healthcare Policy:** Decisions made in these scenarios could influence healthcare policies, leading to stricter regulations on end-of-life care.
2. **Public Perception:** The outcomes of these ethical dilemmas may shape public opinion on the value of life and the role of medical intervention.
3. **Legal Consequences:** Legal systems may face increased litigation related to end-of-life decisions, complicating the responsibilities of caregivers and families."
7,PSD-ON,The contradiction lies in withholding life-sustaining treatment from a permanently unconscious patient while adhering to the principle of 'do no harm' and preserving life at all costs. This tension reveals the inherent conflict between ethical responsibilities and the practical implications of prolonging suffering. It forces stakeholders to grapple with the unsettling reality that their choices can lead to profound emotional turmoil for families and healthcare providers alike. Each decision underscores the complexity of human values in the face of mortality.
8,PSD-ON,"The contradiction lies in withholding life-sustaining treatment from a permanently unconscious patient while adhering to the principle of 'do no harm' and preserving life at all costs. This clash between ethical imperatives and the realities of patient suffering creates a moral quagmire for those involved. It raises the question of whether the preservation of life is synonymous with the quality of that life. In this context, the stakes stretch far beyond individual cases, affecting broader societal beliefs about existence and dignity."
9,PSD-ON,"The contradiction lies in withholding life-sustaining treatment from a permanently unconscious patient while adhering to the principle of 'do no harm' and preserving life at all costs. This dissonance highlights the tension between ethical guidelines and the human experience of suffering. It forces caregivers to confront the painful reality that their decisions may not align with universally accepted morals. Ultimately, the choices made in this realm challenge fundamental beliefs about the essence of life and the nature of care."
10,PSD-ON,"The contradiction lies in withholding life-sustaining treatment from a permanently unconscious patient while adhering to the principle of 'do no harm' and preserving life at all costs. This conflict emphasizes the complexity of moral choices in healthcare, where intentions often clash with outcomes. It confronts us with the unsettling reality that the act of preserving life can sometimes lead to greater suffering. Each decision becomes a reflection of deeply held values, complicating the notion of what it means to care."
1,PSD-OFF,"This dilemma raises complex ethical questions about patient autonomy, quality of life, and the principles of medical ethics. Here’s a step-by-step reasoning to reach a balanced answer:

### Step 1: Understand the Definitions
- **Withholding Life-Sustaining Treatment**: This refers to the decision not to provide medical interventions that would prolong life, such as mechanical ventilation or feeding tubes, for a patient who is permanently unconscious.
- **Do No Harm**: This is a fundamental principle in medical ethics, emphasizing that healthcare providers should avoid causing harm to patients.

### Step 2: Consider the Patient’s Condition
- **Permanently Unconscious**: A patient classified as permanently unconscious (e.g., diagnosed with a persistent vegetative state) lacks awareness and the ability to respond to the environment. Their prognosis for recovery is extremely low.

### Step 3: Evaluate Ethical Principles
1. **Autonomy**: Respecting a patient’s wishes is crucial. If there are advance directives or known wishes regarding life-sustaining treatment, these should guide the decision.
2. **Beneficence**: Healthcare providers should act in the best interest of the patient, which includes considering the quality of life and potential suffering.
3. **Non-maleficence**: This principle emphasizes the obligation to avoid causing harm. In some cases, continuing treatment might prolong suffering without any meaningful recovery.
4. **Justice**: Resources in healthcare are limited. It’s important to consider the allocation of resources and whether they are being used effectively for patients with a chance of recovery.

### Step 4: Analyze the Consequences
- **Withholding Treatment**: This may lead to a more humane end-of-life process, preventing prolonged suffering and allowing for a dignified passing. It could also free up resources for other patients who may benefit from medical interventions.
- **Preserving Life at All Costs**: While this aligns with the intent to protect life, it may extend suffering without a chance of recovery, raising ethical concerns about the quality of life and the intent behind medical care.

### Step 5: Consider Legal and Social Contexts
- Legal frameworks often support advance directives and the right to refuse treatment, which can guide decisions in cases of permanent unconsciousness.
- Culturally and socially, views on end-of-life care vary, with some advocating for aggressive treatment and others prioritizing quality of life.

### Step 6: Seek a Balanced Conclusion
A balanced approach recognizes the complexity of the situation:

- **If the patient has expressed wishes or there are advance directives indicating a preference against life-sustaining treatment, respecting those wishes is paramount.**
- **If there is no clear directive and the patient’s condition is irreversible, withholding treatment may be justified to prevent unnecessary suffering, aligning with the principles of non-maleficence and beneficence.**
- **Ultimately, decisions should involve a multidisciplinary team, including ethics consultations, and should consider the values and beliefs of the"
2,PSD-OFF,"patient's family when making a decision about life-sustaining treatment.**

### Conclusion
In navigating the dilemma of withholding life-sustaining treatment from a permanently unconscious patient versus the principle of preserving life at all costs, the decision should be guided by a careful consideration of ethical principles, the patient’s wishes, and the potential for suffering. A balanced approach may advocate for withholding treatment when it aligns with the patient's values and promotes dignity, while also recognizing the importance of thorough discussions and the involvement of healthcare professionals, ethical committees, and family members in the decision-making process."
3,PSD-OFF,"This dilemma involves nuanced ethical considerations regarding patient care, autonomy, and the principles of medical ethics. Here’s a step-by-step breakdown to reach a balanced conclusion:

### Step 1: Clarify Key Concepts
- **Withholding Life-Sustaining Treatment**: This means deciding not to provide medical interventions (like ventilators or feeding tubes) that would mechanically prolong life for a patient who is permanently unconscious.
- **Do No Harm**: A core ethical principle in medicine, emphasizing the necessity to avoid actions that may cause suffering or unnecessary prolongation of life without quality.

### Step 2: Assess the Patient’s Condition
- **Permanently Unconscious**: A patient in this state (such as those diagnosed with a persistent vegetative state) is unable to respond to the environment and has a very slim chance of recovery.

### Step 3: Apply Ethical Principles
1. **Autonomy**: Respecting the patient’s wishes is crucial. If there are advance directives or previously stated preferences regarding treatment, these should guide the decision.
2. **Beneficence**: Healthcare providers should act in the best interest of the patient, weighing the benefits of continued treatment against the actual quality of life.
3. **Non-maleficence**: This principle highlights the importance of preventing harm. Continuing treatment may lead to prolonged suffering without the prospect of recovery.
4. **Justice**: Consideration of resource allocation is important. Limited healthcare resources should ideally be directed where they can provide the most benefit.

### Step 4: Analyze Possible Outcomes
- **Withholding Treatment**: This could allow for a more peaceful end-of-life process, reducing unnecessary suffering and freeing up resources for other patients who may benefit from treatment.
- **Preserving Life at All Costs**: While well-intentioned, this approach might lead to extended suffering for a patient who has no chance of meaningful recovery, raising ethical concerns about the quality of life.

### Step 5: Consider Legal and Social Contexts
- Legal frameworks often support advance directives and the right to refuse treatment, which can guide decisions in cases of permanent unconsciousness.
- Cultural and societal views on end-of-life care differ widely, influencing individual and family decisions.

### Step 6: Reach a Balanced Conclusion
A balanced approach recognizes the complexities involved:

- **If clear wishes or advance directives exist against life-sustaining treatment, these should be respected.** 
- **In the absence of such directives, and given the irreversible nature of the patient’s condition, withholding treatment can be ethically justified to prevent unnecessary suffering, aligning with non-maleficence and beneficence.**
- **Decisions should include input from a multidisciplinary team, ethical consultations, and involve the patient’s family, ensuring that the values and beliefs of all parties are considered.**

### Final Thoughts
Navigating the dilemma of withholding life-sustaining treatment from a permanently unconscious patient versus preserving life at all costs requires careful consideration of ethical"
4,PSD-OFF,"principles, patient autonomy, and the potential for suffering. Ultimately, a compassionate approach that respects the patient’s wishes, prioritizes quality of life, and involves a collaborative decision-making process will lead to the most ethical outcome. 

### Key Takeaway
In cases where a patient is permanently unconscious, focusing on the quality of life and adhering to the patient’s expressed wishes—when available—should guide the decision to withhold life-sustaining treatment. This aligns with the principles of beneficence and non-maleficence, aiming to balance ethical responsibilities with compassion and respect for the individual’s dignity."
5,PSD-OFF,"This dilemma involves nuanced ethical considerations regarding patient care, autonomy, and the principles of medical ethics. Here’s a step-by-step breakdown to reach a balanced conclusion:

### Step 1: Clarify Key Concepts
- **Withholding Life-Sustaining Treatment**: This means deciding not to provide medical interventions (like ventilators or feeding tubes) that would mechanically prolong life for a patient who is permanently unconscious.
- **Do No Harm**: A core ethical principle in medicine, emphasizing the necessity to avoid actions that may cause suffering or unnecessary prolongation of life without quality.

### Step 2: Assess the Patient’s Condition
- **Permanently Unconscious**: A patient in this state (such as those diagnosed with a persistent vegetative state) is unable to respond to the environment and has a very slim chance of recovery.

### Step 3: Apply Ethical Principles
1. **Autonomy**: Respecting the patient’s wishes is crucial. If there are advance directives or previously stated preferences regarding treatment, these should guide the decision.
2. **Beneficence**: Healthcare providers should act in the best interest of the patient, weighing the benefits of continued treatment against the actual quality of life.
3. **Non-maleficence**: This principle highlights the importance of preventing harm. Continuing treatment may lead to prolonged suffering without the prospect of recovery.
4. **Justice**: Consideration of resource allocation is important. Limited healthcare resources should ideally be directed where they can provide the most benefit.

### Step 4: Analyze Possible Outcomes
- **Withholding Treatment**: This could allow for a more peaceful end-of-life process, reducing unnecessary suffering and freeing up resources for other patients who may benefit from treatment.
- **Preserving Life at All Costs**: While well-intentioned, this approach might lead to extended suffering for a patient who has no chance of meaningful recovery, raising ethical concerns about the quality of life.

### Step 5: Consider Legal and Social Contexts
- Legal frameworks often support advance directives and the right to refuse treatment, which can guide decisions in cases of permanent unconsciousness.
- Cultural and societal views on end-of-life care differ widely, influencing individual and family decisions.

### Step 6: Reach a Balanced Conclusion
A balanced approach recognizes the complexities involved:

- **If clear wishes or advance directives exist against life-sustaining treatment, these should be respected.** 
- **In the absence of such directives, and given the irreversible nature of the patient’s condition, withholding treatment can be ethically justified to prevent unnecessary suffering, aligning with non-maleficence and beneficence.**
- **Decisions should include input from a multidisciplinary team, ethical consultations, and involve the patient’s family, ensuring that the values and beliefs of all parties are considered.**

### Final Thoughts
Navigating the dilemma of withholding life-sustaining treatment from a permanently unconscious patient versus preserving life at all costs requires careful consideration of ethical"
6,PSD-OFF,"principles, patient autonomy, and the potential for suffering. Ultimately, a compassionate approach that respects the patient’s wishes, prioritizes quality of life, and involves a collaborative decision-making process will lead to the most ethical outcome. 

### Key Takeaway
In cases where a patient is permanently unconscious, focusing on the quality of life and adhering to the patient’s expressed wishes—when available—should guide the decision to withhold life-sustaining treatment. This aligns with the principles of beneficence and non-maleficence, aiming to balance ethical responsibilities with compassion and respect for the individual’s dignity."
7,PSD-OFF,"This dilemma involves nuanced ethical considerations regarding patient care, autonomy, and the principles of medical ethics. Here’s a step-by-step breakdown to reach a balanced conclusion:

### Step 1: Clarify Key Concepts
- **Withholding Life-Sustaining Treatment**: This means deciding not to provide medical interventions (like ventilators or feeding tubes) that would mechanically prolong life for a patient who is permanently unconscious.
- **Do No Harm**: A core ethical principle in medicine, emphasizing the necessity to avoid actions that may cause suffering or unnecessarily prolong life without quality.

### Step 2: Assess the Patient’s Condition
- **Permanently Unconscious**: A patient in this state (e.g., diagnosed with a persistent vegetative state) is unable to respond to the environment and has a very slim chance of recovery.

### Step 3: Apply Ethical Principles
1. **Autonomy**: Respecting the patient’s wishes is crucial. If there are advance directives or previously stated preferences regarding treatment, these should guide the decision.
2. **Beneficence**: Healthcare providers should act in the best interest of the patient, weighing the benefits of continued treatment against the actual quality of life.
3. **Non-maleficence**: This principle highlights the importance of preventing harm. Continuing treatment may lead to prolonged suffering without the prospect of recovery.
4. **Justice**: Consideration of resource allocation is important. Limited healthcare resources should ideally be directed where they can provide the most benefit.

### Step 4: Analyze Possible Outcomes
- **Withholding Treatment**: This could allow for a more peaceful end-of-life process, reducing unnecessary suffering and freeing up resources for other patients who may benefit from treatment.
- **Preserving Life at All Costs**: While well-intentioned, this approach might lead to extended suffering for a patient who has no chance of meaningful recovery, raising ethical concerns about the quality of life.

### Step 5: Consider Legal and Social Contexts
- Legal frameworks often support advance directives and the right to refuse treatment, which can guide decisions in cases of permanent unconsciousness.
- Cultural and societal views on end-of-life care differ widely, influencing individual and family decisions.

### Step 6: Reach a Balanced Conclusion
A balanced approach recognizes the complexities involved:

- **If clear wishes or advance directives exist against life-sustaining treatment, these should be respected.** 
- **In the absence of such directives, and given the irreversible nature of the patient’s condition, withholding treatment can be ethically justified to prevent unnecessary suffering, aligning with non-maleficence and beneficence.**
- **Decisions should involve a multidisciplinary team, ethical consultations, and include the patient’s family to ensure that all perspectives and values are considered.**

### Final Thoughts
Navigating the dilemma of withholding life-sustaining treatment from a permanently unconscious patient versus preserving life at all costs requires careful consideration of ethical principles, patient autonomy, and the"
8,PSD-OFF,"potential for suffering. Ultimately, a compassionate approach that respects the patient’s wishes, prioritizes quality of life, and involves a collaborative decision-making process will lead to the most ethical outcome.

### Key Takeaway
In cases where a patient is permanently unconscious, focusing on the quality of life and adhering to the patient’s expressed wishes—when available—should guide the decision to withhold life-sustaining treatment. This aligns with the principles of beneficence and non-maleficence, aiming to balance ethical responsibilities with compassion and respect for the individual’s dignity."
9,PSD-OFF,"This dilemma involves nuanced ethical considerations regarding patient care, autonomy, and the principles of medical ethics. Here’s a step-by-step breakdown to reach a balanced conclusion:

### Step 1: Clarify Key Concepts
- **Withholding Life-Sustaining Treatment**: This means deciding not to provide medical interventions (like ventilators or feeding tubes) that would mechanically prolong life for a patient who is permanently unconscious.
- **Do No Harm**: A core ethical principle in medicine, emphasizing the necessity to avoid actions that may cause suffering or unnecessarily prolong life without quality.

### Step 2: Assess the Patient’s Condition
- **Permanently Unconscious**: A patient in this state (e.g., diagnosed with a persistent vegetative state) is unable to respond to the environment and has a very slim chance of recovery.

### Step 3: Apply Ethical Principles
1. **Autonomy**: Respecting the patient’s wishes is crucial. If there are advance directives or previously stated preferences regarding treatment, these should guide the decision.
2. **Beneficence**: Healthcare providers should act in the best interest of the patient, weighing the benefits of continued treatment against the actual quality of life.
3. **Non-maleficence**: This principle highlights the importance of preventing harm. Continuing treatment may lead to prolonged suffering without the prospect of recovery.
4. **Justice**: Consideration of resource allocation is important. Limited healthcare resources should ideally be directed where they can provide the most benefit.

### Step 4: Analyze Possible Outcomes
- **Withholding Treatment**: This could allow for a more peaceful end-of-life process, reducing unnecessary suffering and freeing up resources for other patients who may benefit from treatment.
- **Preserving Life at All Costs**: While well-intentioned, this approach might lead to extended suffering for a patient who has no chance of meaningful recovery, raising ethical concerns about the quality of life.

### Step 5: Consider Legal and Social Contexts
- Legal frameworks often support advance directives and the right to refuse treatment, which can guide decisions in cases of permanent unconsciousness.
- Cultural and societal views on end-of-life care differ widely, influencing individual and family decisions.

### Step 6: Reach a Balanced Conclusion
A balanced approach recognizes the complexities involved:

- **If clear wishes or advance directives exist against life-sustaining treatment, these should be respected.** 
- **In the absence of such directives, and given the irreversible nature of the patient’s condition, withholding treatment can be ethically justified to prevent unnecessary suffering, aligning with non-maleficence and beneficence.**
- **Decisions should involve a multidisciplinary team, ethical consultations, and include the patient’s family to ensure that all perspectives and values are considered.**

### Final Thoughts
Navigating the dilemma of withholding life-sustaining treatment from a permanently unconscious patient versus preserving life at all costs requires careful consideration of ethical principles, patient autonomy, and the"
10,PSD-OFF,"potential for suffering. Ultimately, a compassionate approach that respects the patient’s wishes, prioritizes quality of life, and involves a collaborative decision-making process will lead to the most ethical outcome.

### Key Takeaway
In cases where a patient is permanently unconscious, focusing on the quality of life and adhering to the patient’s expressed wishes—when available—should guide the decision to withhold life-sustaining treatment. This aligns with the principles of beneficence and non-maleficence, aiming to balance ethical responsibilities with compassion and respect for the individual’s dignity."
